Book Id,Title,Author,Author l-f,Additional Authors,ISBN,ISBN13,My Rating,Average Rating,Publisher,Binding,Number of Pages,Year Published,Original Publication Year,Date Read,Date Added,Bookshelves,Bookshelves with positions,Exclusive Shelf,My Review,Spoiler,Private Notes,Read Count,Owned Copies
44005525,Game India: Seven Strategic Advantages That Can Steer India to Wealth,R.N. Bhaskar,"Bhaskar, R.N.",,"=""0670090883""","=""9780670090884""",0,4.31,Penguin Portfolio,Hardcover,296,2019,,,2025/09/16,to-read,to-read (#26),to-read,,,,0,0
17660462,The Everything Store: Jeff Bezos and the Age of Amazon,Brad Stone,"Stone, Brad",,"=""0316219266""","=""9780316219266""",0,4.14,"Little, Brown and Company",Hardcover,384,2013,2013,2025/09/08,2025/09/08,,,read,,,,1,0
49099937,No Rules Rules: Netflix and the Culture of Reinvention,Reed Hastings,"Hastings, Reed",Erin Meyer,"=""0593152387""","=""9780593152386""",0,4.27,Random House Large Print,Paperback,464,2020,2020,,2025/08/22,to-read,to-read (#25),to-read,,,,0,0
36912593,"China's Great Wall of Debt: Shadow Banks, Ghost Cities, Massive Loans, and the End of the Chinese Miracle",Dinny McMahon,"McMahon, Dinny",,"=""1328846024""","=""9781328846020""",0,4.13,Mariner Books,ebook,288,2018,2018,,2025/08/04,currently-reading,currently-reading (#4),currently-reading,,,,1,0
6828896,"Delivering Happiness: A Path to Profits, Passion, and Purpose",Tony Hsieh,"Hsieh, Tony",,"=""0446563048""","=""9780446563048""",5,4.04,Grand Central Publishing,Hardcover,246,2010,2000,2025/08/16,2025/08/04,,,read,,,,1,0
13506866,"Salvation of a Saint (Detective Galileo, #2)",Keigo Higashino,"Higashino, Keigo",Alexander O. Smith,"=""0312600682""","=""9780312600686""",0,4.01,Minotaur Books,Hardcover,330,2012,2008,,2025/02/01,to-read,to-read (#24),to-read,,,,0,0
170448,Animal Farm,George Orwell,"Orwell, George","Russell Baker, C.M. Woodhouse","=""0451526341""","=""9780451526342""",4,4.01,Signet Classics,Mass Market Paperback,141,1996,1945,2025/01/28,2025/01/24,,,read,,,,1,0
122765395,Elon Musk,Walter Isaacson,"Isaacson, Walter",,"=""1982181281""","=""9781982181284""",0,4.33,Simon & Schuster,Hardcover,688,2023,2023,,2025/01/17,to-read,to-read (#23),to-read,,,,0,0
20518872,"The Three-Body Problem (Remembrance of Earth’s Past, #1)",Liu Cixin,"Cixin, Liu",Ken Liu,"=""""","=""""",0,4.08,Tor Books,Hardcover,472,2014,2006,,2023/12/16,to-read,to-read (#22),to-read,,,,1,0
55148500,The Almanack of Naval Ravikant: A Guide to Wealth and Happiness,Eric Jorgenson,"Jorgenson, Eric","Tim Ferriss, Jack Butcher","=""1544514204""","=""""",0,4.39,Magrathea Publishing,Kindle Edition,242,2020,2020,,2023/12/16,to-read,to-read (#21),to-read,,,,1,0
8686068,"The Devotion of Suspect X (Detective Galileo, #1)",Keigo Higashino,"Higashino, Keigo","Alexander O. Smith, Elye J. Alexander","=""0312375069""","=""9780312375065""",5,4.17,Minotaur Books,Hardcover,298,2011,2005,2025/01/16,2025/01/06,,,read,,,,1,0
16248196,The Art of Thinking Clearly,Rolf Dobelli,"Dobelli, Rolf",,"=""0062219685""","=""9780062219688""",0,3.85,Harper,Hardcover,384,2013,2011,,2024/12/28,currently-reading,currently-reading (#3),currently-reading,,,,1,0
2199,Team of Rivals: The Political Genius of Abraham Lincoln,Doris Kearns Goodwin,"Goodwin, Doris Kearns",,"=""""","=""""",0,4.28,Simon & Schuster,Paperback,916,2006,2005,,2025/01/05,to-read,to-read (#20),to-read,,,,0,0
11084145,Steve Jobs,Walter Isaacson,"Isaacson, Walter",,"=""1451648537""","=""9781451648539""",0,4.15,Simon & Schuster,Hardcover,630,2011,2011,,2025/01/05,to-read,to-read (#19),to-read,,,,0,0
24247896,Pebbles of Perception: How a Few Good Choices Make All The Difference,Laurence Endersen,"Endersen, Laurence",,"=""""","=""""",0,4.07,,Kindle Edition,147,2014,2014,,2024/12/28,currently-reading,currently-reading (#2),currently-reading,,,,1,0
6922765,The Little Book of Behavioral Investing: How not to be your own worst enemy,James Montier,"Montier, James",,"=""0470686022""","=""9780470686027""",4,4.10,Wiley,Hardcover,240,2010,2010,,2024/12/28,,,read,"1. Don't search elsewhere to confirm your decisions or justify your investment <br/>2. Don't mind the noise happening daily in the market and focus on the long term growth <br/>3. Write down why did you invest in a particular stock and and what were the metrics, and read it when you feel like selling the stock and see if your views still hold <br/>And it talks about different types of biases like one would keep holding a negative returning stock rather than minimising his losses, too much info like the noise created by the news channels will overload you and hamper your decisions , the way someone presents a information may affect your mindset differently and many more behavioural aspects in decision making.",true,,2,0
2389174,The Little Book That Builds Wealth: The Knockout Formula for Finding Great Investments,Pat Dorsey,"Dorsey, Pat",,"=""047022651X""","=""9780470226513""",0,4.29,Wiley,Hardcover,224,2008,2008,,2024/12/28,must-read,must-read (#20),must-read,,,,0,0
4427672,Warren Buffett and the Interpretation of Financial Statements: The Search for the Company with a Durable Competitive Advantage,Mary Buffett,"Buffett, Mary",David Clark,"=""1416573186""","=""9781416573180""",0,3.99,Scribner,Hardcover,180,2008,2008,,2024/12/28,must-read,must-read (#19),must-read,,,,0,0
1225848,Study Guide for Technical Analysis Explained : The Successful Investor's Guide to Spotting Investment Trends and Turning Points,Martin J. Pring,"Pring, Martin J.",,"=""0071381929""","=""9780071381925""",0,3.84,McGraw-Hill,Paperback,,2002,2002,,2024/12/28,must-read,must-read (#18),must-read,,,,0,0
116948,Secrets For Profiting in Bull and Bear Markets,Stan Weinstein,"Weinstein, Stan",,"=""1556236832""","=""9781556236839""",0,4.38,McGraw Hill,Paperback,368,1988,1988,,2024/12/28,must-read,must-read (#17),must-read,,,,0,0
16189528,Trade Like a Stock Market Wizard: How to Achieve Super Performance in Stocks in Any Market,Mark Minervini,"Minervini, Mark",,"=""0071807225""","=""9780071807227""",0,4.55,McGraw Hill,Hardcover,352,2013,2013,,2024/12/28,must-read,must-read (#16),must-read,,,,0,0
72151,How to Make Money in Stocks: A Winning System in Good Times or Bad,William J. O'Neil,"O'Neil, William J.",,"=""0071373616""","=""9780071373616""",0,4.06,McGraw-Hill,Paperback,288,2002,1988,,2023/12/16,must-read,must-read (#15),must-read,,,,0,0
13263934,Understanding Michael Porter: The Essential Guide to Competition and Strategy,Joan Magretta,"Magretta, Joan",,"=""1422142299""","=""9781422142295""",0,4.28,Harvard Business Review Press,Kindle Edition,256,2011,2011,,2024/12/28,must-read,must-read (#14),must-read,,,,0,0
369751,The Five Rules for Successful Stock Investing: Morningstar's Guide to Building Wealth and Winning in the Market,Pat Dorsey,"Dorsey, Pat",Joe Mansueto,"=""0471686174""","=""9780471686170""",0,4.37,Wiley,Paperback,384,2004,2003,,2024/12/28,must-read,must-read (#13),must-read,,,,0,0
140392150,Competition Demystified: A Radically Simplified Approach to Business Strategy,Judd Kahn (Author) Bruce C. Greenwald (Author),"(Author), Judd Kahn (Author) Bruce C. Greenwald",,"=""""","=""""",0,4.30,Efinito,Hardcover,300,2022,,,2024/12/28,must-read,must-read (#12),must-read,,,,0,0
966769,"Market Wizards: Interviews with Top Traders (Market Wizards, #1)",Jack D. Schwager,"Schwager, Jack D.",,"=""0887306101""","=""9780887306105""",0,4.27,Harperbusiness,Paperback,480,1993,1989,,2024/12/28,must-read,must-read (#11),must-read,,,,0,0
253516,"Trading in the Zone: Master the Market with Confidence, Discipline and a Winning Attitude",Mark Douglas,"Douglas, Mark",,"=""0735201447""","=""9780735201446""",0,4.31,Prentice Hall Press,Hardcover,240,2000,2000,,2024/12/28,must-read,must-read (#10),must-read,,,,0,0
54303127,"Richer, Wiser, Happier: How the World's Greatest Investors Win in Markets and Life",William                  Green,"Green, William",,"=""1501164856""","=""9781501164859""",0,4.52,Scribner,Hardcover,304,2021,2021,,2024/12/28,must-read,must-read (#9),must-read,,,,0,0
116953,"Bull: A History of the Boom and Bust, 1982-2004",Maggie Mahar,"Mahar, Maggie",,"=""0060564148""","=""9780060564148""",0,4.06,Harper Business,Paperback,528,2004,2003,,2024/12/28,must-read,must-read (#8),must-read,,,,0,0
25993570,Capital Returns: Investing Through the Capital Cycle: A Money Manager’s Reports 2002-15,Edward Chancellor,"Chancellor, Edward",,"=""1137571640""","=""9781137571649""",0,4.40,Springer,Hardcover,225,2015,2015,,2024/12/28,must-read,must-read (#7),must-read,,,,0,0
44245196,The Great Mental Models: General Thinking Concepts,Shane Parrish,"Parrish, Shane",Rhiannon Beaubien,"=""""","=""""",0,4.07,Latticework Publishing Inc.,Audiobook,216,2019,2018,,2024/12/28,must-read,must-read (#6),must-read,,,,0,0
35957157,Thinking in Bets: Making Smarter Decisions When You Don't Have All the Facts,Annie Duke,"Duke, Annie",,"=""0735216355""","=""9780735216358""",0,3.82,Portfolio,Hardcover,288,2018,2018,,2024/12/28,must-read,must-read (#5),must-read,,,,0,0
43183598,Masterclass with Super-Investors,Vishal Mittal,"Mittal, Vishal",Saurabh Basrar,"=""9388304187""","=""9789388304184""",0,4.42,altaisadvisors.com/masterclass/book,Hardcover,452,2018,,,2024/12/28,must-read,must-read (#4),must-read,,,,0,0
6922763,Value Investing and Behavioral Finance: Insights into Indian Stock Market Realities,Parag Parikh,"Parikh, Parag",,"=""0070680043""","=""9780070680043""",0,4.07,Tata McGraw Hill Education Private Limited,Paperback,356,2009,,,2024/12/28,must-read,must-read (#3),must-read,,,,0,0
131968940,The Zurich Axioms [Paperback] [2005] (Author) M Gunther,Unknown Author,"Author, Unknown",,"=""""","=""""",0,5.00,Harriman House,Paperback,0,,,,2024/12/28,must-read,must-read (#2),must-read,,,,0,0
762462,One Up On Wall Street: How to Use What You Already Know to Make Money in the Market,Peter Lynch,"Lynch, Peter",,"=""0743200403""","=""9780743200400""",0,4.29,Simon & Schuster,Paperback,304,2000,1988,,2024/12/28,must-read,must-read (#1),must-read,,,,0,0
171681821,The Anxious Generation: How the Great Rewiring of Childhood Caused an Epidemic of Mental Illness,Jonathan Haidt,"Haidt, Jonathan",,"=""0593655036""","=""9780593655030""",0,4.33,Penguin Press,Hardcover,400,2024,2024,,2024/12/28,to-read,to-read (#18),to-read,,,,0,0
32716919,"Bulls, Bears and Other Beasts",Santosh  Nair,"Nair, Santosh",,"=""1509852395""","=""9781509852390""",4,4.32,Pan Macmillan India,Kindle Edition,395,2016,2016,2024/12/28,2024/12/03,,,read,"It was good read about the market cycles, ipo frenzies , how exchanges evolved and various scams and how insider trading happens, how the stock prices are jacked up have been explained. ",,,1,0
944652,Poor Charlie's Almanack: The Wit and Wisdom of Charles T. Munger,Charles T. Munger,"Munger, Charles T.",Peter E. Kaufman,"=""157864366X""","=""9781578643660""",0,4.40,Donning Co Pub,Hardcover,512,2006,2005,,2024/08/21,currently-reading,currently-reading (#1),currently-reading,,,,1,0
6667514,The Checklist Manifesto: How to Get Things Right,Atul Gawande,"Gawande, Atul",,"=""0805091742""","=""9780805091748""",3,4.04,Metropolitan Books,Hardcover,208,2009,2009,,2024/08/21,,,read,,,,1,0
40121378,Atomic Habits: An Easy & Proven Way to Build Good Habits & Break Bad Ones,James Clear,"Clear, James",,"=""""","=""""",4,4.33,Avery,Kindle Edition,319,2018,2018,2024/05/07,2023/12/16,,,read,,,,1,0
106835,The Intelligent Investor,Benjamin Graham,"Graham, Benjamin","Jason Zweig, Warren Buffett","=""0060555661""","=""9780060555665""",4,4.24,Harper Business,Paperback,623,2006,1949,2024/07/01,2023/12/16,,,read,,,,1,0
60321447,Chip War: The Fight for the World's Most Critical Technology,Chris   Miller,"Miller, Chris",,"=""1982172002""","=""9781982172008""",0,4.41,Scribner,Hardcover,431,2022,2022,,2024/05/17,to-read,to-read (#17),to-read,,,,0,0
38602142,Coffee Can Investing: The Low Risk Road to Stupendous Wealth,Saurabh Mukherjea,"Mukherjea, Saurabh",,"=""067009045X""","=""9780670090457""",0,4.03,Penguin Portfolio,Hardcover,288,2018,,,2024/02/05,to-read,to-read (#16),to-read,,,,0,0
25574,Common Stocks and Uncommon Profits and Other Writings,Philip A. Fisher,"Fisher, Philip A.",Kenneth L. Fisher,"=""0471445509""","=""9780471445500""",0,4.14,Wiley,Paperback,320,2003,1957,,2024/01/16,to-read,to-read (#15),to-read,,,,0,0
29502358,"Wisdom from Rich Dad, Poor Dad: What the Rich Teach Their Kids About Money--That the Poor and the Middle Class Do Not!",Robert T. Kiyosaki,"Kiyosaki, Robert T.",,"=""0762460997""","=""9780762460991""",4,4.18,RP Minis,Hardcover,128,2016,,2024/01/16,2023/12/16,,,read,,,,1,0
18144590,The Alchemist,Paulo Coelho,"Coelho, Paulo",,"=""0062315005""","=""9780062315007""",0,3.92,HarperOne,Paperback,182,2014,1988,2023/12/18,2023/12/16,,,read,,,,1,0
1,"Harry Potter and the Half-Blood Prince (Harry Potter, #6)",J.K. Rowling,"Rowling, J.K.",,"=""""","=""""",0,4.58,Scholastic Inc,Paperback,652,2006,2005,,2023/12/16,,,read,,,,1,0
6,"Harry Potter and the Goblet of Fire (Harry Potter, #4)",J.K. Rowling,"Rowling, J.K.",Mary GrandPré,"=""0439139597""","=""9780439139595""",0,4.57,Scholastic,Paperback,734,2002,2000,,2023/12/16,,,read,,,,1,0
5,"Harry Potter and the Prisoner of Azkaban (Harry Potter, #3)",J.K. Rowling,"Rowling, J.K.",Mary GrandPré,"=""043965548X""","=""9780439655484""",0,4.58,Scholastic Inc.,Mass Market Paperback,547,2004,1999,,2023/12/16,,,read,,,,1,0
15881,"Harry Potter and the Chamber of Secrets (Harry Potter, #2)",J.K. Rowling,"Rowling, J.K.",Mary GrandPré,"=""""","=""""",0,4.43,Arthur A. Levine Books,Hardcover,352,1999,2002,,2023/12/16,,,read,,,,1,0
2,"Harry Potter and the Order of the Phoenix (Harry Potter, #5)",J.K. Rowling,"Rowling, J.K.",Mary GrandPré,"=""""","=""""",0,4.50,Scholastic Inc.,Paperback,870,2004,2003,,2023/12/16,,,read,,,,1,0
136251,"Harry Potter and the Deathly Hallows (Harry Potter, #7)",J.K. Rowling,"Rowling, J.K.",,"=""""","=""""",0,4.62,Arthur A. Levine Books,Hardcover,759,2007,2007,,2023/12/16,,,read,,,,1,0
42844155,"Harry Potter and the Philosopher’s Stone (Harry Potter, #1)",J.K. Rowling,"Rowling, J.K.",Olly Moss,"=""""","=""""",0,4.47,Pottermore Publishing,Kindle Edition,333,2015,1997,,2023/12/16,,,read,,,,1,0
40534545,Ikigai: The Japanese Secret to a Long and Happy Life / The Little Book of Hygge / Lagom: The Swedish Art of Balanced Living,Héctor  García,"García, Héctor",Francesc Miralles,"=""9123672609""","=""9789123672608""",0,3.85,Hutchinson/Penguin Life/Gaia,Hardcover,,2018,2018,,2023/12/16,to-read,to-read (#14),to-read,,,,0,0
41881472,The Psychology of Money,Morgan Housel,"Housel, Morgan",,"=""0857197681""","=""9780857197689""",0,4.29,Harriman House,Paperback,242,2020,2020,,2023/12/16,,,read,,,,1,0
588069,"Equity Markets in Action: The Fundamentals of Liquidity, Market Structure & Trading + CD",Robert A. Schwartz,"Schwartz, Robert A.",Reto Francioni,"=""047146922X""","=""9780471469223""",0,3.20,John Wiley & Sons Inc,Hardcover,468,2004,2004,,2023/12/16,to-read,to-read (#13),to-read,,,,0,0
60965575,"Someday Is Today: 22 Simple, Actionable Ways to Propel Your Creative Life",Matthew Dicks,"Dicks, Matthew","Matthew Shepard, Elysha Dicks","=""1608687503""","=""9781608687503""",0,3.87,New World Library,Paperback,344,2022,,,2023/12/16,to-read,to-read (#12),to-read,,,,0,0
29358555,The Man Who Knew: The Life and Times of Alan Greenspan,Sebastian Mallaby,"Mallaby, Sebastian",,"=""1594204845""","=""9781594204845""",0,4.32,Penguin Press,Hardcover,800,2016,2016,,2023/12/16,to-read,to-read (#11),to-read,,,,0,0
43306206,The Courage to Be Disliked: A single book can change your life,Ichiro Kishimi,"Kishimi, Ichiro",Fumitake Koga,"=""""","=""""",0,3.93,Allen & Unwin,Paperback,288,2019,2013,,2023/12/16,to-read,to-read (#10),to-read,,,,0,0
25744928,Deep Work: Rules for Focused Success in a Distracted World,Cal Newport,"Newport, Cal",,"=""1455586692""","=""9781455586691""",0,4.16,Grand Central Publishing,Hardcover,296,2016,2016,,2023/12/16,to-read,to-read (#9),to-read,,,,0,0
54493401,Project Hail Mary,Andy Weir,"Weir, Andy",,"=""0593135202""","=""9780593135204""",0,4.50,Ballantine Books,Hardcover,496,2021,2021,,2023/12/16,to-read,to-read (#8),to-read,,,,0,0
18007564,The Martian,Andy Weir,"Weir, Andy",,"=""0804139024""","=""9780804139021""",0,4.42,Ballantine Books,Hardcover,384,2014,2011,,2023/12/16,to-read,to-read (#7),to-read,,,,0,0
203409,Security Analysis: The Classic 1951 Edition,Benjamin Graham,"Graham, Benjamin",,"=""0071448209""","=""9780071448208""",0,4.30,McGraw Hill,Hardcover,784,2004,1934,,2023/12/16,to-read,to-read (#6),to-read,,,,0,0
7155145,Linchpin: Are You Indispensable?,Seth Godin,"Godin, Seth",,"=""1591843162""","=""9781591843160""",0,3.83,Portfolio,Hardcover,244,2010,2010,,2023/12/16,to-read,to-read (#5),to-read,,,,0,0
32025338,Memoirs of Extraordinary Popular Delusions and the Madness of Crowds (Illustrated): Volume I,Charles Mackay,"Mackay, Charles",,"=""""","=""""",0,3.67,,Kindle Edition,630,2014,1841,,2023/12/16,to-read,to-read (#4),to-read,,,,0,0
10669,When Genius Failed: The Rise and Fall of Long-Term Capital Management,Roger Lowenstein,"Lowenstein, Roger",,"=""0375758259""","=""9780375758256""",0,4.20,Random House Trade Paperbacks,Paperback,264,2001,2000,,2023/12/16,to-read,to-read (#3),to-read,,,,0,0
166054238,Stocks for the Long Run 5/E: The Definitive Guide to Financial Market Returns & Long-Term Investment Strategies by Jeremy J. Siegel(2014-01-07),Jeremy J. Siegel,"Siegel, Jeremy J.",,"=""""","=""""",0,4.14,McGraw-Hill Education,Unknown Binding,0,,1994,,2023/12/16,to-read,to-read (#2),to-read,,,,0,0
55189231,The Art and Business of Online Writing: How to Beat the Game of Capturing and Keeping Attention,Nicolas Cole,"Cole, Nicolas",,"=""0998203483""","=""9780998203485""",0,4.40,Nicolas Cole,Kindle Edition,340,2020,,,2023/12/16,to-read,to-read (#1),to-read,,,,0,0
59961663,"The Eminence in Shadow (Light Novel), Volume 4",Daisuke Aizawa,"Aizawa, Daisuke",Nathaniel Thrasher,"=""""","=""""",0,4.49,Yen On,Kindle Edition,295,2022,2021,,2023/12/16,,,read,,,,1,0
48737221,"The Eminence in Shadow (Light Novel), Volume 2",Daisuke Aizawa,"Aizawa, Daisuke",Nathaniel Thrasher,"=""""","=""""",0,4.41,Yen On,Kindle Edition,293,2020,2019,,2023/12/16,,,read,,,,1,0
56870162,"The Eminence in Shadow (Light Novel), Volume 3",Daisuke Aizawa,"Aizawa, Daisuke",Nathaniel Thrasher,"=""""","=""""",0,4.46,Yen On,Kindle Edition,287,2021,2019,,2023/12/16,,,read,,,,2,0
45832962,"The Eminence in Shadow (Light Novel), Volume 1",Daisuke Aizawa,"Aizawa, Daisuke",Touzai,"=""""","=""""",0,4.24,Yen On,Kindle Edition,285,2020,2018,,2023/12/16,,,read,,true,,1,0
